{
  "backpropType" : "Standard",
  "cacheMode" : "NONE",
  "confs" : [ {
    "cacheMode" : "NONE",
    "dataType" : "FLOAT",
    "epochCount" : 10,
    "iterationCount" : 0,
    "layer" : {
      "@class" : "org.deeplearning4j.nn.conf.layers.LSTM",
      "activationFn" : {
        "@class" : "org.nd4j.linalg.activations.impl.ActivationTanH"
      },
      "biasInit" : 0.0,
      "biasUpdater" : null,
      "constraints" : null,
      "forgetGateBiasInit" : 1.0,
      "gainInit" : 1.0,
      "gateActivationFn" : {
        "@class" : "org.nd4j.linalg.activations.impl.ActivationSigmoid"
      },
      "gradientNormalization" : "ClipElementWiseAbsoluteValue",
      "gradientNormalizationThreshold" : 0.5,
      "helperAllowFallback" : true,
      "idropout" : null,
      "iupdater" : {
        "@class" : "org.nd4j.linalg.learning.config.Nadam",
        "beta1" : 0.9,
        "beta2" : 0.999,
        "epsilon" : 1.0E-8,
        "learningRate" : 0.001
      },
      "layerName" : "layer0",
      "nin" : 2,
      "nout" : 10,
      "regularization" : [ ],
      "regularizationBias" : [ ],
      "weightInitFn" : {
        "@class" : "org.deeplearning4j.nn.weights.WeightInitXavier"
      },
      "weightInitFnRecurrent" : null,
      "weightNoise" : null
    },
    "maxNumLineSearchIterations" : 5,
    "miniBatch" : true,
    "minimize" : true,
    "optimizationAlgo" : "STOCHASTIC_GRADIENT_DESCENT",
    "seed" : 123,
    "stepFunction" : null,
    "variables" : [ "W", "RW", "b" ]
  }, {
    "cacheMode" : "NONE",
    "dataType" : "FLOAT",
    "epochCount" : 10,
    "iterationCount" : 0,
    "layer" : {
      "@class" : "org.deeplearning4j.nn.conf.layers.BatchNormalization",
      "activationFn" : {
        "@class" : "org.nd4j.linalg.activations.impl.ActivationSigmoid"
      },
      "beta" : 0.0,
      "biasInit" : 0.0,
      "biasUpdater" : null,
      "constraints" : null,
      "cudnnAllowFallback" : true,
      "decay" : 0.9,
      "eps" : 1.0E-5,
      "gainInit" : 1.0,
      "gamma" : 1.0,
      "gradientNormalization" : "ClipElementWiseAbsoluteValue",
      "gradientNormalizationThreshold" : 0.5,
      "idropout" : null,
      "iupdater" : {
        "@class" : "org.nd4j.linalg.learning.config.Nadam",
        "beta1" : 0.9,
        "beta2" : 0.999,
        "epsilon" : 1.0E-8,
        "learningRate" : 0.001
      },
      "layerName" : "layer1",
      "lockGammaBeta" : false,
      "minibatch" : true,
      "nin" : 10,
      "nout" : 10,
      "regularization" : [ ],
      "regularizationBias" : [ ],
      "useLogStd" : true,
      "weightInitFn" : {
        "@class" : "org.deeplearning4j.nn.weights.WeightInitXavier"
      },
      "weightNoise" : null
    },
    "maxNumLineSearchIterations" : 5,
    "miniBatch" : true,
    "minimize" : true,
    "optimizationAlgo" : "STOCHASTIC_GRADIENT_DESCENT",
    "seed" : 123,
    "stepFunction" : null,
    "variables" : [ "gamma", "beta", "mean", "log10stdev" ]
  }, {
    "cacheMode" : "NONE",
    "dataType" : "FLOAT",
    "epochCount" : 10,
    "iterationCount" : 0,
    "layer" : {
      "@class" : "org.deeplearning4j.nn.conf.layers.RnnOutputLayer",
      "activationFn" : {
        "@class" : "org.nd4j.linalg.activations.impl.ActivationSoftmax"
      },
      "biasInit" : 0.0,
      "biasUpdater" : null,
      "constraints" : null,
      "gainInit" : 1.0,
      "gradientNormalization" : "ClipElementWiseAbsoluteValue",
      "gradientNormalizationThreshold" : 0.5,
      "hasBias" : true,
      "idropout" : null,
      "iupdater" : {
        "@class" : "org.nd4j.linalg.learning.config.Nadam",
        "beta1" : 0.9,
        "beta2" : 0.999,
        "epsilon" : 1.0E-8,
        "learningRate" : 0.001
      },
      "layerName" : "layer2",
      "lossFn" : {
        "@class" : "org.nd4j.linalg.lossfunctions.impl.LossMCXENT",
        "softmaxClipEps" : 1.0E-10
      },
      "nin" : 10,
      "nout" : 4,
      "regularization" : [ ],
      "regularizationBias" : [ ],
      "weightInitFn" : {
        "@class" : "org.deeplearning4j.nn.weights.WeightInitXavier"
      },
      "weightNoise" : null
    },
    "maxNumLineSearchIterations" : 5,
    "miniBatch" : true,
    "minimize" : true,
    "optimizationAlgo" : "STOCHASTIC_GRADIENT_DESCENT",
    "seed" : 123,
    "stepFunction" : null,
    "variables" : [ "W", "b" ]
  } ],
  "dataType" : "FLOAT",
  "epochCount" : 10,
  "inferenceWorkspaceMode" : "ENABLED",
  "inputPreProcessors" : {
    "1" : {
      "@class" : "org.deeplearning4j.nn.conf.preprocessor.RnnToFeedForwardPreProcessor"
    },
    "2" : {
      "@class" : "org.deeplearning4j.nn.conf.preprocessor.FeedForwardToRnnPreProcessor"
    }
  },
  "iterationCount" : 4869,
  "tbpttBackLength" : 20,
  "tbpttFwdLength" : 20,
  "trainingWorkspaceMode" : "ENABLED",
  "validateOutputLayerConfig" : true
}